"Question","Answer"
"I keep hearing about gas fees in crypto, but what exactly are they?","A gas fee is a payment made by users to compensate for the computing energy required to process and validate transactions on the Ethereum blockchain."
"Can you explain staking to me like I'm a total beginner?","Staking refers to the process of locking up or committing a certain amount of cryptocurrency (like Ether or other tokens) to participate in the validation of transactions on a proof-of-stake blockchain network."
"What's this lightning network thing I've been reading about?","The lightning network is a decentralized network built on top of a blockchain (like Bitcoin) that enables fast and cheap transactions by opening payment channels between nodes."
"How does staking actually work? I'm still a bit fuzzy on the details.","In a proof-of-stake system, validators (stakers) put up a stake (collateral) in the form of the network's cryptocurrency. The network then selects validators to validate transactions and create new blocks based on their stake and other factors."
"I'm new to web3 - what exactly is a dApp?","A dApp (decentralized application) is an application that runs on a decentralized network like a blockchain, rather than a single computer or server. dApps are often built on platforms like Ethereum."
"Could you break down what a smart contract is for me?","A smart contract is a self-executing piece of code that automatically enforces the terms of an agreement between parties on a blockchain network, without the need for a central authority or intermediary."
"I'm trying to understand blockchain technology better. Can you give me a simple explanation?","A blockchain is a decentralized, distributed digital ledger that records transactions across many computers in a secure and immutable way, without the need for a central authority."
"What's the deal with web3 wallets? Do I need one?","A web3 wallet is a software or hardware wallet that allows users to securely store, manage, and use their cryptocurrencies and interact with decentralized applications (dApps) on blockchain networks."
"Can someone explain Ethereum to me in plain English?","Ethereum is a decentralized, open-source blockchain platform that enables the creation and deployment of smart contracts and decentralized applications (dApps)."
"I'm a little confused about tokens. What are they exactly?","A token is a digital asset or cryptocurrency that is built on top of an existing blockchain network, like Ethereum. Tokens can represent various assets, utilities, or access rights."
"What's the purpose of mining in blockchain networks?","Mining is the process of validating and adding new transactions to a blockchain network by solving complex computational puzzles, in exchange for rewards in the form of newly minted cryptocurrency."
"I lost my crypto wallet, but I have the seed phrase. What does that mean?","A seed phrase (or recovery phrase) is a series of random words generated by a cryptocurrency wallet that allows users to recover or restore their wallet and access their funds if they lose their private keys."
"Can you explain what a private key is and why it's important?","A private key is a secret, alphanumeric code that allows users to access and control their cryptocurrency holdings in a blockchain wallet. It's essential for securely sending and receiving transactions."
"What's the difference between a private key and a public key?","A public key is a cryptographic code derived from a user's private key that serves as their public address on a blockchain network, allowing others to send them cryptocurrency or interact with their accounts."
"I'm interested in decentralized exchanges. How are they different from regular exchanges?","A decentralized exchange (DEX) is a peer-to-peer cryptocurrency exchange platform that operates without a central authority, allowing users to trade digital assets directly with each other."
"NFTs seem to be all the rage lately. What exactly are they?","An NFT (Non-Fungible Token) is a unique and non-interchangeable digital asset stored on a blockchain, often used to represent ownership of digital items like art, collectibles, or in-game assets."
"Someone mentioned DAOs to me, but I have no clue what they are. Care to enlighten me?","A DAO (Decentralized Autonomous Organization) is a community-led organization that operates based on predefined rules encoded as smart contracts on a blockchain, without a centralized leadership or management structure."
"What's the deal with Polygon (MATIC)? Is it related to Ethereum?","Polygon (MATIC) is a layer-2 scaling solution for the Ethereum blockchain that aims to improve transaction speed and reduce costs by processing transactions off the main Ethereum chain and bundling them together."
"I want to learn how to code smart contracts. What language should I start with?","Solidity is a high-level, object-oriented programming language used for writing smart contracts on the Ethereum blockchain."
"Can you explain what a mempool is in the context of blockchain?","A mempool (or memory pool) is a collection of unconfirmed transactions that have been broadcast to the network and are waiting to be included in the next block by miners or validators."
"I've seen the term 'Ethereum Virtual Machine' thrown around. What is that?","The Ethereum Virtual Machine (EVM) is a software environment where smart contracts are executed and transactions are processed on the Ethereum blockchain."
"What's the difference between a hard fork and a soft fork in blockchain?","A hard fork is a radical change in a blockchain protocol that creates a permanent divergence from the previous version of the blockchain, resulting in two separate chains. A soft fork is a backward-compatible change that doesn't create a permanent divergence."
"Could you clarify what a sidechain is in relation to blockchain?","A sidechain is a separate blockchain that runs in parallel to the main blockchain and is connected to it via a two-way peg, allowing for the transfer of assets between the two chains."
"I've heard about Layer 2 solutions, but I'm not sure what they are. Can you explain?","A Layer 2 solution is a scaling solution built on top of an existing blockchain (like Ethereum) that processes transactions off the main chain to improve scalability, speed, and reduce costs."
"What's an airdrop in the crypto world?","An airdrop is the distribution of free cryptocurrency or tokens to wallets or addresses, often used as a marketing or promotional strategy by blockchain projects."
"How is a testnet different from the main blockchain network?","A testnet (or test network) is a separate blockchain network used for testing and experimentation purposes before deploying smart contracts or applications to the main blockchain."
"Can you give me a quick overview of Solana?","Solana is a high-performance, scalable blockchain platform designed to support decentralized applications (dApps) and smart contracts, with a focus on low transaction costs and high throughput."
"What exactly is a consensus mechanism in blockchain?","A consensus mechanism is a set of rules and protocols that determine how nodes in a blockchain network reach agreement on the current state of the distributed ledger and validate new transactions."
"I've heard about bridges in blockchain, but I'm not sure what they do.","A bridge is a protocol or smart contract that allows for the transfer of assets or data between two different blockchain networks, enabling interoperability and cross-chain functionality."
"DeFi platforms seem to be popping up everywhere. What are they?","A DeFi (Decentralized Finance) platform is a blockchain-based financial system that enables various financial services and products, such as lending, borrowing, trading, and staking, without the need for traditional intermediaries like banks."
"What's the difference between a Layer 1 and a Layer 2 blockchain?","A Layer 1 blockchain refers to the base-level protocol and infrastructure of a blockchain network, responsible for maintaining the distributed ledger and processing transactions. Layer 2 solutions are built on top of Layer 1 blockchains to improve scalability and efficiency."
"I'm new to crypto, and I need a wallet. What should I look for in a good crypto wallet?","A crypto wallet is a digital wallet used to securely store, send, and receive cryptocurrencies like Bitcoin, Ethereum, and others. It contains a user's private and public keys for accessing their crypto holdings."
"Can you explain what a zkRollup is and how it relates to Ethereum?","A zkRollup (Zero-Knowledge Rollup) is a Layer 2 scaling solution for Ethereum that uses zero-knowledge proofs to compress and validate transactions off-chain before bundling them and submitting them to the main Ethereum chain."
"What's an ERC-20 token, and why is it important on Ethereum?","An ERC-20 token is a standard for creating and issuing fungible tokens (like cryptocurrencies or utility tokens) on the Ethereum blockchain, governed by a set of rules and guidelines."